doi,note
10.1111/j.1600-0587.2010.06237.x,
10.21829/abm131.2024.2367,
10.1016/j.jclepro.2024.143783,
10.1111/jse.13077,
10.1111/jse.13067,
10.21203/rs.3.rs-4249551/v1,preprint
10.1101/2023.09.08.556918,preprint
10.1590/1676-0611-bn-2024-1648,
10.1007/s40415-024-01005-y,
